Label,Ingredients
0,Algae (Seaweed) Extract
0,Mineral Oil
0,Petrolatum
0,Glycerin
0,Isohexadecane
0,Microcrystalline Wax
0,Lanolin Alcohol
0,Citrus Aurantifolia (Lime) Extract
1,Sesamum Indicum (Sesame) Seed Oil
0,Eucalyptus Globulus (Eucalyptus) Leaf Oil
0,Sesamum Indicum (Sesame) Seed Powder
0,Medicago Sativa (Alfalfa) Seed Powder
0,Helianthus Annuus (Sunflower) Seedcake
0,Sodium Gluconate
0,Copper Gluconate
0,Calcium Gluconate
0,Magnesium Gluconate
0,Zinc Gluconate
0,Magnesium Sulfate
0,"1,2-Hexanediol"
0,Acetyl Glucosamine
0,Acetyl Glutamine
0,Acetyl Heptapeptide-9
0,Acetyl Methionine
0,Acrylates Copolymer
0,Adenosine
0,Alchemilla Vulgaris Leaf Extract
0,Alcohol Denat
0,Algae Extract
0,Allantoin
0,Aloe Barbadensis Flower Extract
0,Aloe Vera
0,Alpha-Glucan Oligosaccharide
0,Althaea Rosea Flower Extract
0,Alumina
0,Aminomethyl Propanol
0,Ammonium Lauryl Sulfate
0,Amodimethicone
0,Anhydroxylitol
0,Anthemis Nobilis Flower Extract
0,Arginine
0,Ascorbyl Glucoside
0,Aspalathus Linearis Extract
0,Aspartic Acid
0,Barley (Hordeum Vulgare) Seed Extract
0,Bentonite
0,Benzalkonium Chloride
0,Benzoic Acid
0,Benzophenone-4
0,Beta-Glucan
0,Betaine Salicylate
0,BHT
0,Bisabolol
0,Borago Officinalis Extract
0,Butylene Glycol
0,Butylphenyl Methylpropional
0,C12-15 Alkyl Benzoate
0,Calcium Chloride
0,Calendula Officinalis Flower Extract
0,Capryloyl Salicylic Acid
0,Caprylyl Glucoside
0,Caprylyl Glycol
0,Caprylyl Methicone
0,Caramel
0,Carbomer
0,Carnosine
0,Carrageenan
0,Centaurea Cyanus Flower Water
0,Centella Asiatica (Gotu Kola) Extract
0,Cetrimonium Bromide
0,Cetyl Alcohol
0,Cetyl Phosphate
0,Charcoal Powder
0,Chlorella Vulgaris Extract
0,Chlorhexidine Digluconate
0,Chlorphenesin
0,Chlorphenesin
0,Cinnamomum Zeylanicum Bark Oil
0,Citral
0,Citric Acid
0,Citronellol
0,Citrus Aurantium Dulcis (Orange) Oil
0,Cocamidopropyl Betaine
0,Cocamidopropyl Hydroxysultaine
0,Coccinia Indica Fruit Extract
0,Coco-Glucoside
0,Colloidal Gold
0,Copper Gluconate
0,Copper Tripeptide-1
0,Cucumis Sativus Fruit Extract
0,Curcumin
0,Cyclodextrin
0,Cyclohexasiloxane
0,Dead Sea Salt
0,Decyl Glucoside
0,Dehydroacetic Acid
0,Dibutyl Adipate
0,Dimethicone Crosspolymer
0,Dimethyl Sulfone
0,Dipotassium Glycyrrhizate
0,Dipotassium Phosphate
0,Dipropylene Glycol
0,Disodium Cocoamphodiacetate
0,Disodium Cocoyl Glutamate
0,Disodium EDTA
0,Disodium Laureth Sulfosuccinate
0,Echinacea Purpurea Root Extract
0,Ectoin
0,Ergothioneine
0,Ethoxydiglycol
0,Ethyl Hexanediol
0,Ethylhexylglycerin
0,Evodia Rutaecarpa Fruit Extract
0,Farnesol
0,Ferulic Acid
0,Fragrance
0,Fructooligosaccharides
0,Galactoarabinan
0,Ginkgo Biloba Nut Extract
0,Gluconolactone
0,Glutamic Acid
0,Glycerin
0,Glycolic Acid
0,Glycosyl Trehalose
0,Guar Gum
0,Hamamelis Virginiana
0,Hexyl Cinnamal
0,Hexylene Glycol
0,Honey Extract
0,Hyaluronic Acid
0,Hydrolyzed Collagen
0,Hydrolyzed Corn Starch
0,Hydrolyzed Hyaluronic Acid
0,Hydrolyzed Quinoa
0,Hydrolyzed Rhodophyceae Extract
0,Hydrolyzed Sodium Hyaluronate
0,Hydroxypropylcellulose
0,Iron Oxides
0,Isatis Tinctoria Leaf Extract
0,Isododecane
0,Isohexadecane
0,Juniperus Virginiana Oil
0,Kaolin
0,Laminaria Digitata Extract
0,Laminaria Saccharina Extract
0,Lauramidopropyl Betaine
0,Laureth-23
0,Lauryl Betaine
0,Lauryl Glucoside
0,Lauryl Hydroxysultaine
0,Lavandula Angustifolia (Lavender) Oil
0,Lavandula Hybrida Abrial Herb Oil
0,Lecithin
0,Levulinic Acid
0,Limonene
0,Limonia Acidissima Extract
0,Linalool
0,Lysine HCL
0,Madecassoside
0,Magnesium Aspartate
0,Maltodextrin
0,Maltooligosyl Glucoside
0,Menthol
0,Methyl Gluceth-20
0,Methyl Methacrylate Crosspolymer
0,Methylisothiazolinone
0,Methylpropanediol
0,Microcitrus Australasica Fruit Extract
0,Microcrystalline Cellulose
0,Morus Alba Fruit Extract
0,Myrciaria Dubia Fruit Extract
0,Myrtrimonium Bromide
0,Naringenin
0,Natto Gum
0,Niacinamide
0,Nylon-12
0,Nymphaea Caerulea Flower Water
0,Ocimum Sanctum Leaf Extract
0,Octocrylene
0,Opuntia Coccinellifera Fruit Extract
0,Origanum Vulgare Leaf Oil
0,Panthenol
0,Panthenyl Triacetate
0,Pantolactone
0,Pearl Powder
0,Pelargonium Graveolens Oil
0,Phellodendron Amurense Bark Extract
0,Phenoxyethanol
0,Phosphatidylcholine
0,Phytic Acid
0,Pogostemon Cablin Leaf Oil
0,Poloxamer 184
0,Polyacrylate-1 Crosspolymer
0,Polyaminopropyl Biguanide
0,Polyethylene Glycol
0,Polyglyceryl-4 Caprate
0,Polyglyceryl-4 Caprate
0,Polymethylsilsesquioxane
0,Polyquaternium-47
0,Polyquaternium-51
0,Polyurethane Crosspolymer-1
0,Portulaca Oleracea Extract
0,Potassium Azeloyl Diglycinate
0,Potassium Cocoyl Glycinate
0,Potassium Hydroxide
0,Potassium Sorbate
0,PPG-10 Methyl Glucose Ether
0,Proline
0,Propanediol
0,Propylene Glycol
0,Propylparaben
0,Punica Granatum (Pomegranate) Extract
0,PVP
0,Pyrus Malus (Apple) Fruit Extract
0,Quillaja Saponaria Bark Extract
0,Rhamnose
0,Rosa Damascena Flower Oil
0,Rosemary Essential Oil
0,Royal Jelly Extract
0,Salicylic Acid
0,Saponins
0,Sea Water
0,Sea Whip Extract
0,Silica
0,Sodium Benzoate
0,Sodium Bicarbonate
0,Sodium Carboxymethyl Hyaluronate
0,Sodium Chloride
0,Sodium Citrate
0,Sodium Cocoamphoacetate
0,Sodium Cocoyl Glycinate
0,Sodium Cocoyl Isethionate
0,Sodium Dehydroacetate
0,Sodium Hyaluronate
0,Sodium Hyaluronate
0,Sodium Hydroxide
0,Sodium Lactate
0,Sodium Laureth Sulfate
0,Sodium Lauroamphoacetate
0,Sodium Lauroyl Lactylate
0,Sodium Levulinate
0,Sodium Metabisulfite
0,Sodium PCA
0,Sorbic Acid
0,Sorbitol
0,Squalane
0,Succinic Acid
0,Sucrose
0,Synthetic Fluorphlogopite
0,Tamarindus Indica Seed Polysaccharide
0,Tea Tree Essential Oil
0,TEA-Cocoyl Glutamate
0,Tephrosia Purpurea Seed Extract
0,Tetrahexyldecyl Ascorbate
0,Tetrasodium EDTA
0,Theanine
0,Titanium Dioxide
0,Tocopherol
0,Tocopheryl Acetate
0,Trehalose
0,Triacetin
0,Triethanolamine
0,Triethyl Citrate
0,Trilaureth-4 Phosphate
0,Trisiloxane
0,Trisodium Ethylenediamine Disuccinate
0,Tromethamine
0,Valine
0,Vanilla Planifolia Fruit Extract
0,Vitis Vinifera (Grape) Juice
0,Water
0,Xanthan Gum
0,Xylitol
0,Zinc Gluconate
0,Zinc PCA
0,Zinc Sulfate
0,Zingiber Officinale (Ginger) Root Oil
1,Alpha-Linolenic Acid
1,Arachidic Acid
1,Arachidonic Acid
1,Behenic Acid
1,Dihomo-Y-Linolenic Acid
1,Docosahexaenoic Acid
1,Docosanoic Acid
1,Docosatetraenoic Acid
1,Dodecanoic Acid
1,Eicosanoic Acid
1,Eicosapentaenoic Acid
1,Elaidic Acid
1,Gondoic Acid
1,Erucic Acid
1,Gamma-Linolenic Acid
1,Heneicosanoic Acid
1,Heneicosylic Acid
1,Heptadecanoic Acid
1,Hexadecanoic Acid
0,Icosenoic Acid
1,Lauric Acid
1,Lignoceric Acid
1,Linoleic Acid
1,Linolelaidic Acid
1,Margaric Acid
1,Mead Acid
1,Myristic Acid
1,Nervonic Acid
1,Nonadecanoic Acid
1,Nonadecylic Acid
1,Octadecanoic Acid
1,Oleic Acid
1,Palmitic Acid
1,Palmitoleic Acid
1,Pentadecanoic Acid
1,Pentadecylic Acid
1,Stearic Acid
1,Stearidonic Acid
1,Tetracosanoic Acid
1,Tetradecanoic Acid
1,Tricosanoic Acid
1,Tricosylic Acid
1,Tridecanoic Acid
1,Tridecylic Acid
1,Undecanoic Acid
1,Vaccenic Acid
1,Undecylenic Acid
1,Acai Oil
1,Andiroba Oil
1,Apple Oil
1,Apricot Oil
1,Argan Oil
1,Avocado Butter
1,Avocado Oil
1,Babassu Oil
1,Badger Oil
1,Baobab Oil
1,Barbary Oil
1,Bear Oil
1,Beefsteak Oil
1,Bees Wax
1,Bitter Cherry Oil
1,Black Cumin Oil
1,Black Currant Oil
1,Black Pepper Oil
1,Black Sea Rod Oil
1,Blackberry Oil
1,Borage Oil
1,Brazil Nut Oil
1,Brazillian Palm Butter
1,Brazillian Palm Oil
1,Broccoli Oil
1,Burdock Oil
1,Buriti Oil
1,Cacay Oil
1,Candelilla Wax
1,Carnauba Wax
1,Carrot Oil
1,Castor Oil
1,Castor Wax
1,Celery Oil
1,Chia Oil
1,"Chilean Hazelnut Oil "
1,Chinaberry Oil
1,Cloudberry Oil
1,Cocoa Butter
1,Cocoa Oil
1,Coconut Butter
1,Coconut Oil
1,Coconut Wax
1,Cod Liver Oil
1,Coffee Butter
1,Coffee Wax
1,Coffee Oil
1,Common Plum Oil
1,Copenica Cerifera Wax
1,Corn Oil
1,Cotton Oil
1,Crambe Oil
1,Cranberry Oil
1,Cucumber Oil
1,Cumin Oil
1,Cupuacu Butter
1,Dog Rose Oil
1,East African Shea Butter
1,East African Shea Oil
1,Egg Oil
1,Emu Oil
1,Euphorbia Cerifera Wax
1,European Blueberry Oil
1,Evening Primrose Oil
1,Fish Oil
1,Flower Wax
1,Galip Oil
1,Ginseng Oil
1,Goji Oil
1,Grapeseed Oil
1,Harakeke Oil
1,Hazelnut Oil
1,Hemp Oil
1,Hog Plum Oil
1,Horse Oil
1,Illipe Butter
1,Illipe Oil
1,Japanese Pine Oil
1,Jojoba Oil
1,Jojoba Wax
1,Karanja Oil
1,Kiwi Oil
1,Korean Pine Oil
1,Kukui Oil
1,Lanolin Wax
1,Lard Oil
1,Lingonberry Oil
1,Linseed Oil
1,Macadamia Oil
1,Mango Butter
1,Mango Oil
1,Marula Oil
1,Meadowfoam Oil
1,Mink Oil
1,Mongongo Oil
1,Morel Oil
1,Moringa Oil
1,Mushroom Oil
1,Musk Mallow Oil
1,Musk Rose Oil
1,Mustard Oil
1,Neem Oil
1,Olive Butter
1,Olive Oil
1,Olus Oil
1,Opium Poppy Oil
1,Palm Butter
1,Palm Oil
1,Palm Olein
1,Palm Wax
1,Papaya Oil
1,Passion Flower Oil
1,Passion Fruit Oil
1,Pataua Oil
1,Peach Oil
1,Peanut Oil
1,Pecan Oil
1,Pequi Oil
1,Pistachio Oil
1,Pomegranate Oil
1,Pongamia Oil
1,Poppy Oil
1,Pracaxi Oil
1,Pumpkin Oil
1,Purcellin Oil
1,Purple Viper's Bugloss Oil
1,Radish Oil
1,Rapeseed Oil
1,Raspberry Oil
1,Rice Oil
1,Rose Oil
1,Rosehip Oil
1,Safflower Oil
1,Seabuckthorn Oil
1,Sesame Oil
1,Shea Butter
1,Shea Oil
1,Shorea Butter
1,Shorea Oil
1,Siberian Pine Oil
1,Silybum Marianum Seed Oil
1,South American Palm Butter
1,South American Palm Oil
1,Soybean Oil
1,Sponge Gourd Oil
1,Strawberry Oil
1,Sunflower Oil
1,Sweet Almond Oil
1,Sweet Brier Oil
1,Sweet Cherry Oil
1,Tall Oil
1,Tallow Wax
1,Tamanu Oil
1,Tomato Oil
1,Truffle Oil
1,Tsubaki Oil
1,Vegetable Oil
1,Watermelon Oil
1,Wheat Germ Oil
1,Wheat Oil
1,White Lupin Oil
1,Wild Celery Oil
1,Yuzu Oil
1,Acetylated Glycol Stearate
1,Ascorbyl Palmitate
1,Cocoglycerides
1,Decyl Oleate
1,Ethly Macadamiate
1,Ethylhexyl Palmitate
1,Ethylhexyl Stearate
1,Glyceryl Laurate
1,Glyceryl Monostearate
1,Glyceryl Oleate
1,Glyceryl Stearate
1,Glycol Distearate
1,Hexyl Laurate
1,Hydrogenated Coco-Glycerides
1,Jojoba Esters
1,Hydroxystearic Acid
1,Isopropyl Myristate
1,Isopropyl Palmitate
1,PEG-10 Isostearate
1,PEG-100 Stearate
1,PEG-150 Distearate
1,PEG-20 Glyceryl Triisostearate
1,PEG-30 Dipolyhydroxystearate
1,PEG-35 Castor Oil
1,PEG-40 Castor Oil
1,PEG-40 Hydrogenated Castor Oil
1,PEG-40 Stearate
1,PEG-7 Glyceryl Cocoate
1,PEG-75 Lanolin
1,PEG-8 Laurate
1,PEG-Glyceryl Stearate
1,Pentaerythrityl Tetraisostearate
1,Polyglyceryl Isostearate
1,Polyglyceryl-3 Diisostearate
1,Polysorbate 20
1,Polysorbate 40
1,Polysorbate 60
1,Retinyl Palmitate
1,Polysorbate 80
1,Sorbitan Isostearate
1,Sorbitan Laurate
1,Sorbitan Trioleate
1,Sucrose Cocoate
1,Tribehenin
1,Trihydroxystearin
1,Triisostearin
1,"Galactomyces "
1,Galactomyces Ferment Filtrate
1,Methylparaben
1,Galactomyces Ferment Filtrate Pitera
1,Cetearyl Olivate
1,Sorbitan Olivate
1,Sclerocarya Birrea (Marula) Seed Oil
1,Glyceryl Distearate
1,Glyceryl Stearate Se
1,Isocetyl Stearoyl Stearate
1,Vegetable Oil
1,Vitellaria Paradoxa (Shea) Nut Butter
0,Paraffin
0,Tocopheryl Succinate
0,Beta-Carotene
0,Aluminum Distearate
0,Octyldodecanol
0,Cyanocobalamin
0,Magnesium Stearate
0,Geraniol
0,Hydroxycitronellal
1,Benzyl Salicylate
0," Sodium Benzoate"
1,Galactomyces Ferment Filtrate (Pitera)
0,Pentylene Glycol
0,Dicaprylyl Carbonate
0," Cetearyl Alcohol"
1,Bacillus/Soybean/ Folic Acid Ferment Extract
0,Nymphaea Alba Root Extract
0,sh-Oligopeptide-1
0,sh-Oligopeptide-2
0,sh-Polypeptide-1
0,Polypeptide-9
0,Polypeptide-11
0,Copper Palmitoyl Heptapeptide-14
0,Heptapeptide-15 Palmitate
0,Palmitoyl Tetrapeptide-7
0,Palmitoyl Tripeptide-1
0,Alanine
0," Arginine"
0,Histidine
1,Aspergillus Ferment
1,Bacillus Ferment
1,Alteromonas Ferment Extract
1,Lactococcus Ferment Lysate
1,Lactococcus Ferment
1,Pseudoalteromonas Exopolysaccharides
1,Pseudoalteromonas Ferment Extract
1,Thermus Thermophillus Ferment
1,Leuconostoc/Radish Root Ferment Filtrate
1,Leuconostoc/Radish Root Fermentfiltrate
1,Rice Ferment Filtrate (Sake)
1,Rice Ferment Filtrate
1,Rice Filtrate Ferment
1,Saccharomyces Xylinum (Kombucha) Black Tea Ferment
1,Saccharomyces/Camellia Sinensis Leaf/Cladosiphon Okamuranus/Rice Ferment Filtrate
1,Saccharomyces/Xylinum/Black Tea Ferment
1,Saccharomyces/Rice Ferment Filtrate Extract
1,Saccharomyces/Rice Ferment Filtrate
1,Aspergillus/Rice Ferment Filtrate
1,Bacillus/Soybean/Folic Acid Ferment
1,Lactobacillus/Eriodictyon Californicum Ferment Extract
1,Lactobacillus/Pumpkin Fruit Ferment Filtrate
1,Lactobacillus/Rice Ferment Filtrate
1,Lactobacillus/Tomato Fruit Ferment Extract
1,Lactobacillus/Wasabia Japonica Root Ferment Extract
1,Lactobacillus/Water Hyacinth Ferment
1,Saccharomyces Cerevisiae Extract
1,Saccharomyces Cerevisiae
1,Saccharomyces
1,Saccharomyces Ferment Filtrate
1,Saccharomyces Ferment
1,"Saccharomyces (Lysate, Copper, Zinc) Ferment"
1,Saccharomyces (Lysate Copper Zinc) Ferment
1,Saccharomyces/Copper Ferment
1,Saccharomyces/Iron Ferment
1,Saccharomyces/Magnesium Ferment
1,Saccharomyces/Silicon Ferment
1,Saccharomyces/Zinc Ferment
1,Yeast
1,Yeast Extract
1,Faex (Yeast Extract)
1,Hydrolyzed Yeast Extract
1,Yeast Extract/Faex/Extrait De Levure
0,Isoleucine
0,Threonine
0,Valine
0,Acetyl Glutamine
0,Coconut Alkanes
0,Lecithin
0,Butylene Glycol
0,Polyvinyl Alcohol
0,Sodium PCA
0,Cholesterol
0,Prunus Amygdalus Dulcis (Sweet Almond) Seed Meal
1,Butyrospermum Parkii (Shea Butter)
0,Steareth-10
1,Sesamum Indicum (Sesame) Seed Oil
0,Medicago Sativa (Alfalfa) Seed Powder
0,Tocopheryl Succinate
1,Butyloctyl Salicylate
1,Polyglyceryl-4 Isostearate
1,Orbignya Oleifera (Babassu) Seed Oil
1,Vitis Vinifera (Grapeseed) Seed Oil
1,Punica Granatum (Pomegranate) Seed Oil
1,Persea Gratissima (Avocado) Fruit Oil
0,Snail Secretion Filtrate
0,Tetrahexyldecyl Ascorbate
0,Cyclopentasiloxane
0,Citrus Aurantifolia (Lime) Peel Extract
0," Pentafluoropropane"
1,Polyglyceryl-6 Ximenia Americana Seedate
1,Adansonia Digitata (Baobab) Seed Oil
1,Citrullus Lanatus (Watermelon) Seed Oil
1,Passiflora Edulis (Passion Fruit) Seed Oil
1,Schinziophyton Rautenenii (Mongongo) Kernel Oil
0," Plantago Lanceolata Leaf Extract"
1,Peg-8 Stearate
1,Prunus Armeniaca (Apricot) Kernel Oil
1,Olea Europaea (Olive) Fruit Oil
1,Oryza Sativa (Rice) Bran Oil
1,Prunus Amygdalus (Sweet Almond) Kernel Oil
0,Sucrose Stearate
0,Acrylates/C10-30 Alkyl Acrylate Crosspolymer
0,Cucumis Sativus (Cucumber) Fruit Extract
0,Caprylic/Capric Triglyceride
0,Hydrogenated Starch Hydrolysate
0,Mortierella Oil
0,Cantharis Vesicatoria 3x (Treats burns and scalds)
0,Polyglutamic Acid
1,Ascorbyl Tetraisopalmitate
0," Propylene Glycol Dicaprylate/Dicaprate"
0,Cetearyl Glucoside
0,Algae Extract
0,Polymethyl Methacrylate
0,Hibiscus Esculentus Fruit Extract
0,Lepidium Meyenii Root Extract
1,Cucumis Sativus (Cucumber) Seed Oil
1,Simmondsia Chinensis (Jojoba) Seed Oil
1,Helianthus Annuus (Sunflower) Seed Oil
1,Macadamia Ternifolia (Macadamia) Nut Oil
1,Salvia Hispanica (Chia) Seed Oil
1,Limnanthes Alba (Meadowfoam) Seed Oil
0," Potassium Hydroxide"
0,Sclerotium Gum
1,Isopropyl Isostearate
1,Raspberry Seed Oil/Tocopheryl Succinate Aminopropanediol Esters
1,Polyhydroxystearic Acid
1,Glycine Soja (Soybean) Seed Oil
1,Isostearyl Isostearate
1,Sodium Peg-7 Olive Oil Carboxylate
1,Methylsilanol Tri-Peg-8 Glyceryl Cocoate
1,Ethylparaben
1,Sorbitan Sesquiisostearate
1,Isostearic Acid
1,Butylparaben
1,Phytosteryl Macadamiate
1,Peg-60 Hydrogenated Castor Oil
1,Beeswax
1,Ethylhexyl Salicylate
1,Butyl Methoxydibenzoylmethane
1,Rosa Canina (Rosehip) Seed Oil
0,Dimethicone
0,Glyceryl Polymethacrylate
0,Palmitoyl Hexapeptide-12
0,"Saccharide Isomerate "
0,Magnesium Ascorbyl Phosphate
0,Hydrogenated Lecithin
0,Angelica Keiskei Extract
0," Dimethiconol"
1,Hydrolyzed Yeast Protein
0," Beta-Carotene"
0," Petrolatum"
0," Aluminum Distearate"
0," Cyanocobalamin"
0,Lauroyl Lysine
0,Succinoglycan
0,Salicornia Herbacea Extract
0,Disodium Adenosine Triphosphate
0,Sodium Hexametaphosphate
0,Octyl Methoxycinnamate